time,Ft
0,0
0.002,-0.418874120738531
0.004,-0.837718843449068
0.006,-1.25650477216687
0.008,-1.67520251505357
0.01,-2.09378268645998
0.012,-2.51221590898848
0.014,-2.93047281555482
0.016,-3.34852405144924
0.018,-3.76634027639664
0.02,-4.18389216661577
0.022,-4.60115041687736
0.024,-5.01808574256075
0.026,-5.43466888170926
0.028,-5.85087059708387
0.03,-6.26666167821521
0.032,-6.68201294345362
0.034,-7.09689524201722
0.036,-7.51127945603786
0.038,-7.92513650260464
0.04,-8.33843733580512
0.042,-8.75115294876381
0.044,-9.16325437567799
0.046,-9.57471269385065
0.048,-9.98549902572035
0.05,-10.395584540888
0.052,-10.8049404581401
0.054,-11.2135380474691
0.056,-11.6213486320892
0.058,-12.0283435904496
0.06,-12.4344943582427
0.062,-12.8397724304094
0.064,-13.244149363139
0.066,-13.6475967758663
0.068,-14.0500863532626
0.07,-14.4515898472236
0.0720000000000001,-14.8520790788518
0.0740000000000001,-15.2515259404339
0.0760000000000001,-15.6499023974139
0.0780000000000001,-16.0471804903605
0.0800000000000001,-16.4433323369292
0.0820000000000001,-16.8383301338194
0.0840000000000001,-17.2321461587259
0.0860000000000001,-17.6247527722839
0.0880000000000001,-18.0161224200097
0.0900000000000001,-18.4062276342339
0.0920000000000001,-18.7950410360293
0.0940000000000001,-19.1825353371328
0.0960000000000001,-19.5686833418601
0.0980000000000001,-19.9534579490148
0.1,-20.33683215379
0.102,-20.7187790496642
0.104,-21.0992718302892
0.106,-21.4782837913714
0.108,-21.8557883325467
0.11,-22.2317589592464
0.112,-22.6061692845576
0.114,-22.9789930310744
0.116,-23.3502040327428
0.118,-23.7197762366965
0.12,-24.0876837050858
0.122,-24.4539006168978
0.124,-24.8184012697689
0.126,-25.1811600817881
0.128,-25.542151593293
0.13,-25.9013504686565
0.132,-26.2587314980648
0.134,-26.6142695992867
0.136,-26.9679398194342
0.138,-27.3197173367135
0.14,-27.6695774621672
0.142,-28.0174956414072
0.144,-28.3634474563378
0.146,-28.7074086268695
0.148,-29.049355012623
0.15,-29.3892626146237
0.152,-29.7271075769857
0.154,-30.0628661885863
0.156,-30.3965148847303
0.158,-30.7280302488032
0.16,-31.0573890139155
0.162,-31.384568064535
0.164,-31.7095444381095
0.166,-32.0322953266781
0.168,-32.3527980784722
0.17,-32.6710301995053
0.172,-32.9869693551513
0.174,-33.3005933717126
0.176,-33.6118802379758
0.178,-33.9208081067569
0.18,-34.2273552964345
0.182,-34.5315002924712
0.184,-34.8332217489241
0.186,-35.1324984899425
0.188,-35.4293095112543
0.19,-35.7236339816402
0.192,-36.0154512443954
0.194,-36.3047408187796
0.196,-36.5914824014546
0.198,-36.8756558679087
0.2,-37.1572412738697
0.202,-37.4362188567043
0.204,-37.7125690368052
0.206,-37.9862724189653
0.208,-38.2573097937387
0.21,-38.5256621387895
0.212,-38.791310620226
0.214,-39.0542365939232
0.216,-39.314421606831
0.218,-39.5718473982693
0.22,-39.8264959012098
0.222,-40.0783492435438
0.224,-40.3273897493366
0.226,-40.5735999400681
0.228,-40.8169625358592
0.23,-41.0574604566852
0.232,-41.295076823574
0.234,-41.5297949597906
0.236,-41.7615983920084
0.238,-41.9904708514642
0.24,-42.2163962751008
0.242,-42.4393588066941
0.244,-42.659342797966
0.246,-42.8763328096826
0.248,-43.0903136127378
0.25,-43.3012701892219
0.252,-43.5091877334763
0.254,-43.7140516531317
0.256,-43.9158475701329
0.258,-44.1145613217477
0.26,-44.3101789615607
0.262,-44.5026867604526
0.264,-44.6920712075632
0.266,-44.8783190112399
0.268,-45.0614170999706
0.27,-45.241352623301
0.272,-45.4181129527366
0.274,-45.5916856826288
0.276,-45.7620586310459
0.278,-45.9292198406277
0.28,-46.093157579425
0.282,-46.2538603417229
0.284,-46.4113168488482
0.286,-46.565516049961
0.288,-46.7164471228306
0.29,-46.8640994745946
0.292,-47.0084627425025
0.294,-47.1495267946432
0.296,-47.2872817306559
0.298,-47.4217178824247
0.3,-47.5528258147577
0.302,-47.6805963260488
0.304,-47.8050204489236
0.306,-47.9260894508688
0.308,-48.0437948348449
0.31,-48.1581283398829
0.312,-48.2690819416637
0.314,-48.3766478530815
0.316,-48.4808185247903
0.318,-48.5815866457337
0.32,-48.678945143658
0.322,-48.7728871856087
0.324,-48.8634061784097
0.326,-48.9504957691265
0.328,-49.0341498455118
0.33,-49.1143625364344
0.332,-49.1911282122916
0.334,-49.2644414854039
0.336,-49.3342972103934
0.338,-49.4006904845448
0.34,-49.4636166481494
0.342,-49.5230712848326
0.344,-49.5790502218631
0.346,-49.6315495304465
0.348,-49.6805655260004
0.35,-49.7260947684137
0.352,-49.7681340622872
0.354,-49.8066804571586
0.356,-49.8417312477092
0.358,-49.8732839739539
0.36,-49.9013364214136
0.362,-49.925886621271
0.364,-49.9469328505086
0.366,-49.9644736320295
0.368,-49.9785077347613
0.37,-49.9890341737423
0.372,-49.9960522101908
0.374,-49.9995613515569
0.376,-49.9995613515569
0.378,-49.9960522101908
0.38,-49.9890341737423
0.382,-49.9785077347612
0.384,-49.9644736320295
0.386,-49.9469328505086
0.388,-49.925886621271
0.39,-49.9013364214136
0.392,-49.8732839739539
0.394,-49.8417312477092
0.396,-49.8066804571586
0.398,-49.7681340622872
0.4,-49.7260947684137
0.402,-49.6805655260004
0.404,-49.6315495304464
0.406,-49.5790502218631
0.408,-49.5230712848326
0.41,-49.4636166481494
0.412,-49.4006904845447
0.414,-49.3342972103934
0.416,-49.2644414854039
0.418,-49.1911282122916
0.42,-49.1143625364344
0.422,-49.0341498455118
0.424,-48.9504957691265
0.426,-48.8634061784097
0.428,-48.7728871856086
0.43,-48.678945143658
0.432,-48.5815866457337
0.434,-48.4808185247903
0.436,-48.3766478530815
0.438,-48.2690819416637
0.44,-48.1581283398829
0.442,-48.0437948348449
0.444,-47.9260894508688
0.446,-47.8050204489236
0.448,-47.6805963260488
0.45,-47.5528258147577
0.452,-47.4217178824246
0.454,-47.2872817306558
0.456,-47.1495267946432
0.458,-47.0084627425025
0.46,-46.8640994745946
0.462,-46.7164471228306
0.464,-46.565516049961
0.466,-46.4113168488481
0.468,-46.2538603417229
0.47,-46.093157579425
0.472,-45.9292198406277
0.474,-45.7620586310459
0.476,-45.5916856826288
0.478,-45.4181129527365
0.48,-45.2413526233009
0.482,-45.0614170999705
0.484,-44.8783190112398
0.486,-44.6920712075632
0.488,-44.5026867604526
0.49,-44.3101789615607
0.492,-44.1145613217476
0.494,-43.9158475701329
0.496,-43.7140516531317
0.498,-43.5091877334763
0.5,-43.3012701892219
0.502,-43.0903136127377
0.504,-42.8763328096826
0.506,-42.659342797966
0.508,-42.4393588066941
0.51,-42.2163962751007
0.512,-41.9904708514641
0.514,-41.7615983920083
0.516,-41.5297949597906
0.518,-41.2950768235739
0.52,-41.0574604566852
0.522,-40.8169625358592
0.524,-40.573599940068
0.526,-40.3273897493366
0.528,-40.0783492435438
0.53,-39.8264959012098
0.532,-39.5718473982692
0.534,-39.3144216068309
0.536,-39.0542365939231
0.538,-38.7913106202259
0.54,-38.5256621387894
0.542,-38.2573097937387
0.544,-37.9862724189652
0.546,-37.7125690368052
0.548,-37.4362188567043
0.55,-37.1572412738697
0.552,-36.8756558679087
0.554,-36.5914824014545
0.556,-36.3047408187796
0.558,-36.0154512443953
0.56,-35.7236339816401
0.562,-35.4293095112543
0.564,-35.1324984899424
0.566,-34.833221748924
0.568,-34.5315002924711
0.57,-34.2273552964344
0.572,-33.9208081067569
0.574,-33.6118802379757
0.576,-33.3005933717125
0.578,-32.9869693551512
0.58,-32.6710301995052
0.582,-32.3527980784722
0.584,-32.032295326678
0.586,-31.7095444381094
0.588,-31.384568064535
0.59,-31.0573890139155
0.592,-30.7280302488032
0.594,-30.3965148847302
0.596,-30.0628661885863
0.598,-29.7271075769856
0.6,-29.3892626146236
0.602,-29.0493550126229
0.604,-28.7074086268694
0.606,-28.3634474563378
0.608,-28.0174956414072
0.61,-27.6695774621671
0.612,-27.3197173367134
0.614,-26.9679398194341
0.616,-26.6142695992866
0.618,-26.2587314980647
0.62,-25.9013504686565
0.622,-25.5421515932929
0.624,-25.181160081788
0.626,-24.8184012697688
0.628,-24.4539006168977
0.63,-24.0876837050857
0.632,-23.7197762366964
0.634,-23.3502040327427
0.636,-22.9789930310743
0.638,-22.6061692845575
0.64,-22.2317589592463
0.642,-21.8557883325466
0.644,-21.4782837913713
0.646,-21.0992718302891
0.648,-20.7187790496641
0.65,-20.3368321537899
0.652,-19.9534579490147
0.654,-19.56868334186
0.656,-19.1825353371327
0.658,-18.7950410360293
0.66,-18.4062276342338
0.662,-18.0161224200097
0.664,-17.6247527722838
0.666,-17.2321461587258
0.668,-16.8383301338193
0.67,-16.4433323369291
0.672,-16.0471804903604
0.674,-15.6499023974138
0.676,-15.2515259404338
0.678,-14.8520790788517
0.68,-14.4515898472235
0.682,-14.0500863532625
0.684,-13.6475967758662
0.686,-13.2441493631389
0.688000000000001,-12.8397724304093
0.690000000000001,-12.4344943582427
0.692000000000001,-12.0283435904495
0.694000000000001,-11.6213486320891
0.696000000000001,-11.213538047469
0.698000000000001,-10.80494045814
0.700000000000001,-10.3955845408879
0.702000000000001,-9.98549902572027
0.704000000000001,-9.57471269385057
0.706000000000001,-9.16325437567789
0.708000000000001,-8.75115294876371
0.710000000000001,-8.33843733580502
0.712000000000001,-7.92513650260455
0.714000000000001,-7.51127945603777
0.716000000000001,-7.09689524201712
0.718000000000001,-6.68201294345352
0.720000000000001,-6.26666167821512
0.722000000000001,-5.85087059708378
0.724000000000001,-5.43466888170917
0.726000000000001,-5.01808574256066
0.728000000000001,-4.60115041687726
0.730000000000001,-4.18389216661568
0.732000000000001,-3.76634027639654
0.734000000000001,-3.34852405144915
0.736000000000001,-2.93047281555474
0.738000000000001,-2.51221590898837
0.740000000000001,-2.09378268645988
0.742000000000001,-1.67520251505348
0.744000000000001,-1.25650477216678
0.746000000000001,-0.837718843448978
0.748000000000001,-0.418874120738422
0.750000000000001,1.04899068466779e-13
0.752000000000001,0.418874120738632
0.754000000000001,0.837718843449165
0.756000000000001,1.25650477216697
0.758000000000001,1.67520251505366
0.760000000000001,2.09378268646009
0.762000000000001,2.51221590898858
0.764000000000001,2.93047281555492
0.766000000000001,3.34852405144934
0.768000000000001,3.76634027639673
0.770000000000001,4.18389216661588
0.772000000000001,4.60115041687746
0.774000000000001,5.01808574256085
0.776000000000001,5.43466888170935
0.778000000000001,5.85087059708397
0.780000000000001,6.26666167821533
0.782000000000001,6.68201294345372
0.784000000000001,7.09689524201732
0.786000000000001,7.51127945603795
0.788000000000001,7.92513650260473
0.790000000000001,8.33843733580523
0.792000000000001,8.75115294876391
0.794000000000001,9.1632543756781
0.796000000000001,9.57471269385075
0.798000000000001,9.98549902572045
0.800000000000001,10.3955845408881
0.802000000000001,10.8049404581402
0.804000000000001,11.2135380474692
0.806000000000001,11.6213486320893
0.808000000000001,12.0283435904497
0.810000000000001,12.4344943582428
0.812000000000001,12.8397724304095
0.814000000000001,13.2441493631391
0.816000000000001,13.6475967758664
0.818000000000001,14.0500863532627
0.820000000000001,14.4515898472237
0.822000000000001,14.8520790788519
0.824000000000001,15.251525940434
0.826000000000001,15.649902397414
0.828000000000001,16.0471804903606
0.830000000000001,16.4433323369293
0.832000000000001,16.8383301338195
0.834000000000001,17.232146158726
0.836000000000001,17.624752772284
0.838000000000001,18.0161224200098
0.840000000000001,18.406227634234
0.842000000000001,18.7950410360294
0.844000000000001,19.1825353371329
0.846000000000001,19.5686833418602
0.848000000000001,19.9534579490149
0.850000000000001,20.3368321537901
0.852000000000001,20.7187790496643
0.854000000000001,21.0992718302893
0.856000000000001,21.4782837913715
0.858000000000001,21.8557883325468
0.860000000000001,22.2317589592465
0.862000000000001,22.6061692845576
0.864000000000001,22.9789930310745
0.866000000000001,23.3502040327429
0.868000000000001,23.7197762366966
0.870000000000001,24.0876837050859
0.872000000000001,24.4539006168979
0.874000000000001,24.8184012697689
0.876000000000001,25.1811600817881
0.878000000000001,25.5421515932931
0.880000000000001,25.9013504686566
0.882000000000001,26.2587314980649
0.884000000000001,26.6142695992868
0.886000000000001,26.9679398194343
0.888000000000001,27.3197173367136
0.890000000000001,27.6695774621673
0.892000000000001,28.0174956414073
0.894000000000001,28.3634474563379
0.896000000000001,28.7074086268696
0.898000000000001,29.0493550126231
0.900000000000001,29.3892626146238
0.902000000000001,29.7271075769858
0.904000000000001,30.0628661885864
0.906000000000001,30.3965148847304
0.908000000000001,30.7280302488033
0.910000000000001,31.0573890139156
0.912000000000001,31.3845680645351
0.914000000000001,31.7095444381096
0.916000000000001,32.0322953266782
0.918000000000001,32.3527980784723
0.920000000000001,32.6710301995054
0.922000000000001,32.9869693551514
0.924000000000001,33.3005933717127
0.926000000000001,33.6118802379759
0.928000000000001,33.920808106757
0.930000000000001,34.2273552964345
0.932000000000001,34.5315002924712
0.934000000000001,34.8332217489241
0.936000000000001,35.1324984899425
0.938000000000001,35.4293095112544
0.940000000000001,35.7236339816403
0.942000000000001,36.0154512443954
0.944000000000001,36.3047408187797
0.946000000000001,36.5914824014546
0.948000000000001,36.8756558679088
0.950000000000001,37.1572412738698
0.952000000000001,37.4362188567044
0.954000000000001,37.7125690368053
0.956000000000001,37.9862724189653
0.958000000000001,38.2573097937388
0.960000000000001,38.5256621387895
0.962000000000001,38.791310620226
0.964000000000001,39.0542365939232
0.966000000000001,39.314421606831
0.968000000000001,39.5718473982694
0.970000000000001,39.8264959012099
0.972000000000001,40.0783492435439
0.974000000000001,40.3273897493367
0.976000000000001,40.5735999400681
0.978000000000001,40.8169625358593
0.980000000000001,41.0574604566853
0.982000000000001,41.295076823574
0.984000000000001,41.5297949597907
0.986000000000001,41.7615983920085
0.988000000000001,41.9904708514642
0.990000000000001,42.2163962751008
0.992000000000001,42.4393588066942
0.994000000000001,42.6593427979661
0.996000000000001,42.8763328096827
0.998000000000001,43.0903136127378
1,43.301270189222
1.002,43.5091877334763
1.004,43.7140516531317
1.006,43.9158475701329
1.008,44.1145613217477
1.01,44.3101789615608
1.012,44.5026867604527
1.014,44.6920712075632
1.016,44.8783190112399
1.018,45.0614170999706
1.02,45.241352623301
1.022,45.4181129527366
1.024,45.5916856826288
1.026,45.7620586310459
1.028,45.9292198406277
1.03,46.0931575794251
1.032,46.253860341723
1.034,46.4113168488482
1.036,46.5655160499611
1.038,46.7164471228306
1.04,46.8640994745946
1.042,47.0084627425026
1.044,47.1495267946433
1.046,47.2872817306559
1.048,47.4217178824247
1.05,47.5528258147577
1.052,47.6805963260488
1.054,47.8050204489236
1.056,47.9260894508688
1.058,48.043794834845
1.06,48.1581283398829
1.062,48.2690819416637
1.064,48.3766478530815
1.066,48.4808185247903
1.068,48.5815866457337
1.07,48.678945143658
1.072,48.7728871856087
1.074,48.8634061784097
1.076,48.9504957691265
1.078,49.0341498455118
1.08,49.1143625364345
1.082,49.1911282122917
1.084,49.2644414854039
1.086,49.3342972103934
1.088,49.4006904845448
1.09,49.4636166481494
1.092,49.5230712848326
1.094,49.5790502218631
1.096,49.6315495304465
1.098,49.6805655260004
1.1,49.7260947684137
1.102,49.7681340622872
1.104,49.8066804571586
1.106,49.8417312477092
1.108,49.8732839739539
1.11,49.9013364214136
1.112,49.925886621271
1.114,49.9469328505086
1.116,49.9644736320295
1.118,49.9785077347613
1.12,49.9890341737423
1.122,49.9960522101908
1.124,49.9995613515569
1.126,49.9995613515569
1.128,49.9960522101908
1.13,49.9890341737423
1.132,49.9785077347612
1.134,49.9644736320295
1.136,49.9469328505086
1.138,49.925886621271
1.14,49.9013364214136
1.142,49.8732839739539
1.144,49.8417312477092
1.146,49.8066804571586
1.148,49.7681340622872
1.15,49.7260947684137
1.152,49.6805655260004
1.154,49.6315495304464
1.156,49.5790502218631
1.158,49.5230712848325
1.16,49.4636166481494
1.162,49.4006904845447
1.164,49.3342972103934
1.166,49.2644414854039
1.168,49.1911282122916
1.17,49.1143625364344
1.172,49.0341498455118
1.174,48.9504957691265
1.176,48.8634061784096
1.178,48.7728871856086
1.18,48.678945143658
1.182,48.5815866457337
1.184,48.4808185247903
1.186,48.3766478530815
1.188,48.2690819416637
1.19,48.1581283398829
1.192,48.0437948348449
1.194,47.9260894508687
1.196,47.8050204489236
1.198,47.6805963260488
1.2,47.5528258147576
1.202,47.4217178824246
1.204,47.2872817306558
1.206,47.1495267946432
1.208,47.0084627425025
1.21,46.8640994745945
1.212,46.7164471228306
1.214,46.565516049961
1.216,46.4113168488481
1.218,46.2538603417228
1.22,46.093157579425
1.222,45.9292198406276
1.224,45.7620586310458
1.226,45.5916856826287
1.228,45.4181129527365
1.23,45.2413526233009
1.232,45.0614170999705
1.234,44.8783190112398
1.236,44.6920712075631
1.238,44.5026867604525
1.24,44.3101789615607
1.242,44.1145613217476
1.244,43.9158475701328
1.246,43.7140516531316
1.248,43.5091877334762
1.25,43.3012701892219
1.252,43.0903136127377
1.254,42.8763328096825
1.256,42.6593427979659
1.258,42.439358806694
1.26,42.2163962751007
1.262,41.9904708514641
1.264,41.7615983920083
1.266,41.5297949597906
1.268,41.2950768235738
1.27,41.0574604566851
1.272,40.8169625358591
1.274,40.5735999400679
1.276,40.3273897493365
1.278,40.0783492435437
1.28,39.8264959012097
1.282,39.5718473982692
1.284,39.3144216068308
1.286,39.0542365939231
1.288,38.7913106202259
1.29,38.5256621387894
1.292,38.2573097937386
1.294,37.9862724189651
1.296,37.7125690368051
1.298,37.4362188567042
1.3,37.1572412738696
1.302,36.8756558679086
1.304,36.5914824014545
1.306,36.3047408187795
1.308,36.0154512443952
1.31,35.7236339816401
1.312,35.4293095112542
1.314,35.1324984899424
1.316,34.8332217489239
1.318,34.531500292471
1.32,34.2273552964343
1.322,33.9208081067568
1.324,33.6118802379757
1.326,33.3005933717125
1.328,32.9869693551512
1.33,32.6710301995052
1.332,32.3527980784721
1.334,32.032295326678
1.336,31.7095444381093
1.338,31.3845680645349
1.34,31.0573890139154
1.342,30.7280302488031
1.344,30.3965148847301
1.346,30.0628661885862
1.348,29.7271075769855
1.35,29.3892626146235
1.352,29.0493550126228
1.354,28.7074086268694
1.356,28.3634474563377
1.358,28.0174956414071
1.36,27.6695774621671
1.362,27.3197173367133
1.364,26.967939819434
1.366,26.6142695992865
1.368,26.2587314980646
1.37,25.9013504686564
1.372,25.5421515932928
1.374,25.1811600817879
1.376,24.8184012697687
1.378,24.4539006168977
1.38,24.0876837050856
1.382,23.7197762366963
1.384,23.3502040327426
1.386,22.9789930310742
1.388,22.6061692845574
1.39,22.2317589592462
1.392,21.8557883325465
1.394,21.4782837913713
1.396,21.099271830289
1.398,20.7187790496641
1.4,20.3368321537898
1.402,19.9534579490146
1.404,19.56868334186
1.406,19.1825353371326
1.408,18.7950410360292
1.41,18.4062276342337
1.412,18.0161224200095
1.414,17.6247527722838
1.416,17.2321461587257
1.418,16.8383301338193
1.42,16.443332336929
1.422,16.0471804903603
1.424,15.6499023974137
1.426,15.2515259404337
1.428,14.8520790788516
1.43,14.4515898472234
1.432,14.0500863532624
1.434,13.6475967758661
1.436,13.2441493631388
1.438,12.8397724304092
1.44,12.4344943582426
1.442,12.0283435904494
1.444,11.621348632089
1.446,11.2135380474689
1.448,10.8049404581399
1.45,10.3955845408878
1.452,9.98549902572018
1.454,9.57471269385047
1.456,9.16325437567779
1.458,8.75115294876363
1.46,8.33843733580492
1.462,7.92513650260447
1.464,7.51127945603766
1.466,7.09689524201701
1.468,6.68201294345343
1.47,6.26666167821501
1.472,5.8508705970837
1.474,5.43466888170906
1.476,5.01808574256053
1.478,4.60115041687717
1.48,4.18389216661557
1.482,3.76634027639646
1.484,3.34852405144905
1.486,2.93047281555461
1.488,2.51221590898829
1.49,2.09378268645977
1.492,1.67520251505339
1.494,1.25650477216667
1.496,0.837718843448851
1.498,0.418874120738339
1.5,-2.09798136933558e-13
1.502,-0.418874120738714
1.504,-0.83771884344927
1.506,-1.25650477216709
1.508,-1.67520251505377
1.51,-2.09378268646019
1.512,-2.51221590898866
1.514,-2.93047281555503
1.516,-3.34852405144942
1.518,-3.76634027639683
1.52,-4.18389216661599
1.522,-4.60115041687755
1.524,-5.01808574256095
1.526,-5.43466888170944
1.528,-5.85087059708407
1.53,-6.26666167821543
1.532,-6.68201294345381
1.534,-7.09689524201743
1.536,-7.51127945603803
1.538,-7.92513650260484
1.54,-8.33843733580533
1.542,-8.75115294876399
1.544,-9.1632543756782
1.546,-9.57471269385083
1.548,-9.98549902572055
1.55,-10.3955845408882
1.552,-10.8049404581403
1.554,-11.2135380474693
1.556,-11.6213486320894
1.558,-12.0283435904498
1.56,-12.434494358243
1.562,-12.8397724304096
1.564,-13.2441493631392
1.566,-13.6475967758664
1.568,-14.0500863532628
1.57,-14.4515898472238
1.572,-14.8520790788519
1.574,-15.2515259404341
1.576,-15.6499023974141
1.578,-16.0471804903607
1.58,-16.4433323369294
1.582,-16.8383301338196
1.584,-17.2321461587261
1.586,-17.6247527722841
1.588,-18.0161224200099
1.59,-18.4062276342341
1.592,-18.7950410360295
1.594,-19.182535337133
1.596,-19.5686833418603
1.598,-19.953457949015
1.6,-20.3368321537902
1.602,-20.7187790496644
1.604,-21.0992718302894
1.606,-21.4782837913716
1.608,-21.8557883325468
1.61,-22.2317589592466
1.612,-22.6061692845577
1.614,-22.9789930310746
1.616,-23.350204032743
1.618,-23.7197762366967
1.62,-24.0876837050859
1.622,-24.453900616898
1.624,-24.818401269769
1.626,-25.1811600817882
1.628,-25.5421515932932
1.63,-25.9013504686567
1.632,-26.258731498065
1.634,-26.6142695992869
1.636,-26.9679398194343
1.638,-27.3197173367137
1.64,-27.6695774621674
1.642,-28.0174956414074
1.644,-28.363447456338
1.646,-28.7074086268697
1.648,-29.0493550126232
1.65,-29.3892626146238
1.652,-29.7271075769858
1.654,-30.0628661885865
1.656,-30.3965148847304
1.658,-30.7280302488034
1.66,-31.0573890139157
1.662,-31.3845680645352
1.664,-31.7095444381096
1.666,-32.0322953266782
1.668,-32.3527980784724
1.67,-32.6710301995054
1.672,-32.9869693551515
1.674,-33.3005933717127
1.676,-33.611880237976
1.678,-33.9208081067571
1.68,-34.2273552964346
1.682,-34.5315002924713
1.684,-34.8332217489242
1.686,-35.1324984899426
1.688,-35.4293095112545
1.69,-35.7236339816403
1.692,-36.0154512443955
1.694,-36.3047408187797
1.696,-36.5914824014547
1.698,-36.8756558679089
1.7,-37.1572412738699
1.702,-37.4362188567045
1.704,-37.7125690368053
1.706,-37.9862724189654
1.708,-38.2573097937389
1.71,-38.5256621387896
1.712,-38.7913106202261
1.714,-39.0542365939233
1.716,-39.3144216068311
1.718,-39.5718473982694
1.72,-39.82649590121
1.722,-40.078349243544
1.724,-40.3273897493368
1.726,-40.5735999400682
1.728,-40.8169625358593
1.73,-41.0574604566853
1.732,-41.2950768235741
1.734,-41.5297949597908
1.736,-41.7615983920085
1.738,-41.9904708514643
1.74,-42.2163962751009
1.742,-42.4393588066942
1.744,-42.6593427979661
1.746,-42.8763328096827
1.748,-43.0903136127379
1.75,-43.3012701892221
1.752,-43.5091877334764
1.754,-43.7140516531318
1.756,-43.915847570133
1.758,-44.1145613217478
1.76,-44.3101789615609
1.762,-44.5026867604527
1.764,-44.6920712075633
1.766,-44.87831901124
1.768,-45.0614170999707
1.77,-45.2413526233011
1.772,-45.4181129527367
1.774,-45.5916856826289
1.776,-45.762058631046
1.778,-45.9292198406278
1.78,-46.0931575794251
1.782,-46.253860341723
1.784,-46.4113168488483
1.786,-46.5655160499611
1.788,-46.7164471228307
1.79,-46.8640994745947
1.792,-47.0084627425026
1.794,-47.1495267946433
1.796,-47.2872817306559
1.798,-47.4217178824247
1.8,-47.5528258147578
1.802,-47.6805963260489
1.804,-47.8050204489237
1.806,-47.9260894508689
1.808,-48.043794834845
1.81,-48.158128339883
1.812,-48.2690819416638
1.814,-48.3766478530816
1.816,-48.4808185247904
1.818,-48.5815866457338
1.82,-48.6789451436581
1.822,-48.7728871856087
1.824,-48.8634061784097
1.826,-48.9504957691265
1.828,-49.0341498455118
1.83,-49.1143625364345
1.832,-49.1911282122917
1.834,-49.264441485404
1.836,-49.3342972103934
1.838,-49.4006904845448
1.84,-49.4636166481495
1.842,-49.5230712848326
1.844,-49.5790502218631
1.846,-49.6315495304465
1.848,-49.6805655260004
1.85,-49.7260947684137
1.852,-49.7681340622872
1.854,-49.8066804571586
1.856,-49.8417312477093
1.858,-49.8732839739539
1.86,-49.9013364214136
1.862,-49.925886621271
1.864,-49.9469328505086
1.866,-49.9644736320295
1.868,-49.9785077347613
1.87,-49.9890341737423
1.872,-49.9960522101908
1.874,-49.9995613515569
1.876,-49.9995613515569
1.878,-49.9960522101908
1.88,-49.9890341737423
1.882,-49.9785077347612
1.884,-49.9644736320295
1.886,-49.9469328505086
1.888,-49.925886621271
1.89,-49.9013364214136
1.892,-49.8732839739539
1.894,-49.8417312477092
1.896,-49.8066804571586
1.898,-49.7681340622872
1.9,-49.7260947684136
1.902,-49.6805655260004
1.904,-49.6315495304464
1.906,-49.579050221863
1.908,-49.5230712848325
1.91,-49.4636166481494
1.912,-49.4006904845447
1.914,-49.3342972103934
1.916,-49.2644414854039
1.918,-49.1911282122916
1.92,-49.1143625364344
1.922,-49.0341498455117
1.924,-48.9504957691264
1.926,-48.8634061784096
1.928,-48.7728871856086
1.93,-48.678945143658
1.932,-48.5815866457336
1.934,-48.4808185247902
1.936,-48.3766478530814
1.938,-48.2690819416636
1.94,-48.1581283398828
1.942,-48.0437948348449
1.944,-47.9260894508687
1.946,-47.8050204489235
1.948,-47.6805963260487
1.95,-47.5528258147576
1.952,-47.4217178824246
1.954,-47.2872817306557
1.956,-47.1495267946431
1.958,-47.0084627425024
1.96,-46.8640994745945
1.962,-46.7164471228305
1.964,-46.5655160499609
1.966,-46.4113168488481
1.968,-46.2538603417228
1.97,-46.0931575794249
1.972,-45.9292198406276
1.974,-45.7620586310458
1.976,-45.5916856826287
1.978,-45.4181129527365
1.98,-45.2413526233008
1.982,-45.0614170999704
1.984,-44.8783190112398
1.986,-44.6920712075631
1.988,-44.5026867604525
1.99,-44.3101789615606
1.992,-44.1145613217476
1.994,-43.9158475701327
1.996,-43.7140516531315
1.998,-43.5091877334762
2,-43.3012701892218
2.002,-43.0903136127377
2.004,-42.8763328096825
2.006,-42.659342797966
2.008,-42.4393588066941
2.01,-42.2163962751008
2.012,-41.9904708514642
2.014,-41.7615983920084
2.016,-41.5297949597907
2.018,-41.295076823574
2.02,-41.0574604566853
2.022,-40.8169625358593
2.024,-40.5735999400683
2.026,-40.3273897493369
2.028,-40.0783492435441
2.03,-39.8264959012101
2.032,-39.5718473982696
2.034,-39.3144216068313
2.036,-39.0542365939235
2.038,-38.7913106202264
2.04,-38.5256621387899
2.042,-38.2573097937392
2.044,-37.9862724189658
2.046,-37.7125690368057
2.048,-37.4362188567049
2.05,-37.1572412738704
2.052,-36.8756558679094
2.054,-36.5914824014553
2.056,-36.3047408187803
2.05799999999999,-36.0154512443961
2.05999999999999,-35.723633981641
2.06199999999999,-35.4293095112552
2.06399999999999,-35.1324984899433
2.06599999999999,-34.8332217489249
2.06799999999999,-34.5315002924721
2.06999999999999,-34.2273552964355
2.07199999999999,-33.920808106758
2.07399999999999,-33.6118802379769
2.07599999999999,-33.3005933717137
2.07799999999999,-32.9869693551525
2.07999999999999,-32.6710301995065
2.08199999999999,-32.3527980784735
2.08399999999999,-32.0322953266794
2.08599999999999,-31.7095444381109
2.08799999999999,-31.3845680645364
2.08999999999999,-31.057389013917
2.09199999999999,-30.7280302488047
2.09399999999999,-30.3965148847318
2.09599999999999,-30.0628661885879
2.09799999999999,-29.7271075769873
2.09999999999999,-29.3892626146253
2.10199999999999,-29.0493550126247
2.10399999999999,-28.7074086268713
2.10599999999999,-28.3634474563397
2.10799999999999,-28.0174956414091
2.10999999999999,-27.6695774621691
2.11199999999999,-27.3197173367155
2.11399999999999,-26.9679398194362
2.11599999999999,-26.6142695992888
2.11799999999999,-26.2587314980669
2.11999999999999,-25.9013504686586
2.12199999999999,-25.5421515932952
2.12399999999999,-25.1811600817903
2.12599999999999,-24.8184012697712
2.12799999999999,-24.4539006169002
2.12999999999999,-24.0876837050882
2.13199999999999,-23.719776236699
2.13399999999999,-23.3502040327453
2.13599999999999,-22.978993031077
2.13799999999999,-22.6061692845601
2.13999999999999,-22.2317589592491
2.14199999999999,-21.8557883325494
2.14399999999999,-21.4782837913742
2.14599999999999,-21.099271830292
2.14799999999999,-20.7187790496671
2.14999999999998,-20.336832153793
2.15199999999998,-19.9534579490178
2.15399999999998,-19.5686833418632
2.15599999999998,-19.182535337136
2.15799999999998,-18.7950410360325
2.15999999999998,-18.4062276342371
2.16199999999998,-18.016122420013
2.16399999999998,-17.6247527722872
2.16599999999998,-17.2321461587293
2.16799999999998,-16.8383301338229
2.16999999999998,-16.4433323369326
2.17199999999998,-16.047180490364
2.17399999999998,-15.6499023974175
2.17599999999998,-15.2515259404375
2.17799999999998,-14.8520790788554
2.17999999999998,-14.4515898472273
2.18199999999998,-14.0500863532663
2.18399999999998,-13.6475967758702
2.18599999999998,-13.244149363143
2.18799999999998,-12.8397724304133
2.18999999999998,-12.4344943582467
2.19199999999998,-12.0283435904537
2.19399999999998,-11.6213486320933
2.19599999999998,-11.2135380474732
2.19799999999998,-10.8049404581443
2.19999999999998,-10.3955845408922
2.20199999999998,-9.98549902572472
2.20399999999998,-9.57471269385505
2.20599999999998,-9.16325437568242
2.20799999999998,-8.75115294876827
2.20999999999998,-8.3384373358097
2.21199999999998,-7.92513650260925
2.21399999999998,-7.5112794560425
2.21599999999998,-7.0968952420219
2.21799999999998,-6.68201294345841
2.21999999999998,-6.26666167822004
2.22199999999998,-5.85087059708873
2.22399999999998,-5.43466888171415
2.22599999999998,-5.01808574256567
2.22799999999998,-4.6011504168824
2.22999999999998,-4.18389216662084
2.23199999999998,-3.76634027640173
2.23399999999998,-3.34852405145437
2.23599999999998,-2.93047281556007
2.23799999999998,-2.51221590899375
2.23999999999997,-2.09378268646528
2.24199999999997,-1.6752025150589
2.24399999999997,-1.25650477217223
2.24599999999997,-0.83771884345454
2.24799999999997,-0.41887412074403
2.24999999999997,-5.52507590412799e-12
2.25199999999997,0.41887412073298
2.25399999999997,0.837718843443403
2.25599999999997,1.25650477216118
2.25799999999997,1.67520251504786
2.25999999999997,2.09378268645424
2.26199999999997,2.51221590898263
2.26399999999997,2.93047281554895
2.26599999999997,3.34852405144335
2.26799999999997,3.76634027639072
2.26999999999997,4.18389216660983
2.27199999999997,4.6011504168713
2.27399999999997,5.01808574255467
2.27599999999997,5.43466888170316
2.27799999999997,5.85087059707776
2.27999999999997,6.26666167820899
2.28199999999997,6.68201294344738
2.28399999999997,7.09689524201096
2.28599999999997,7.51127945603158
2.28799999999997,7.92513650259834
2.28999999999997,8.33843733579871
2.29199999999997,8.75115294875739
2.29399999999997,9.16325437567156
2.29599999999997,9.5747126938442
2.29799999999997,9.9854990257138
2.29999999999997,10.3955845408814
2.30199999999997,10.8049404581335
2.30399999999997,11.2135380474625
2.30599999999997,11.6213486320826
2.30799999999997,12.0283435904429
2.30999999999997,12.434494358236
2.31199999999997,12.8397724304027
2.31399999999997,13.2441493631323
2.31599999999997,13.6475967758594
2.31799999999997,14.0500863532557
2.31999999999997,14.4515898472167
2.32199999999997,14.8520790788449
2.32399999999997,15.2515259404269
2.32599999999997,15.649902397407
2.32799999999997,16.0471804903535
2.32999999999996,16.4433323369222
2.33199999999996,16.8383301338125
2.33399999999996,17.2321461587188
2.33599999999996,17.6247527722769
2.33799999999996,18.0161224200027
2.33999999999996,18.4062276342268
2.34199999999996,18.7950410360222
2.34399999999996,19.1825353371257
2.34599999999996,19.568683341853
2.34799999999996,19.9534579490076
2.34999999999996,20.3368321537829
2.35199999999996,20.718779049657
2.35399999999996,21.0992718302819
2.35599999999996,21.4782837913642
2.35799999999996,21.8557883325395
2.35999999999996,22.2317589592391
2.36199999999996,22.6061692845503
2.36399999999996,22.9789930310671
2.36599999999996,23.3502040327355
2.36799999999996,23.7197762366892
2.36999999999996,24.0876837050785
2.37199999999996,24.4539006168905
2.37399999999996,24.8184012697616
2.37599999999996,25.1811600817808
2.37799999999996,25.5421515932857
2.37999999999996,25.9013504686492
2.38199999999996,26.2587314980575
2.38399999999996,26.6142695992794
2.38599999999996,26.9679398194268
2.38799999999996,27.3197173367061
2.38999999999996,27.6695774621599
2.39199999999996,28.0174956413999
2.39399999999996,28.3634474563306
2.39599999999996,28.7074086268622
2.39799999999996,29.0493550126157
2.39999999999996,29.3892626146164
2.40199999999996,29.7271075769784
2.40399999999996,30.062866188579
2.40599999999996,30.396514884723
2.40799999999996,30.728030248796
2.40999999999996,31.0573890139083
2.41199999999996,31.3845680645278
2.41399999999996,31.7095444381022
2.41599999999996,32.0322953266709
2.41799999999996,32.352798078465
2.41999999999996,32.6710301994981
2.42199999999995,32.9869693551441
2.42399999999995,33.3005933717054
2.42599999999995,33.6118802379687
2.42799999999995,33.9208081067498
2.42999999999995,34.2273552964273
2.43199999999995,34.5315002924641
2.43399999999995,34.833221748917
2.43599999999995,35.1324984899355
2.43799999999995,35.4293095112474
2.43999999999995,35.7236339816332
2.44199999999995,36.0154512443884
2.44399999999995,36.3047408187727
2.44599999999995,36.5914824014477
2.44799999999995,36.8756558679018
2.44999999999995,37.1572412738629
2.45199999999995,37.4362188566975
2.45399999999995,37.7125690367985
2.45599999999995,37.9862724189586
2.45799999999995,38.257309793732
2.45999999999995,38.5256621387828
2.46199999999995,38.7913106202194
2.46399999999995,39.0542365939166
2.46599999999995,39.3144216068244
2.46799999999995,39.5718473982628
2.46999999999995,39.8264959012034
2.47199999999995,40.0783492435375
2.47399999999995,40.3273897493303
2.47599999999995,40.5735999400617
2.47799999999995,40.816962535853
2.47999999999995,41.057460456679
2.48199999999995,41.2950768235678
2.48399999999995,41.5297949597845
2.48599999999995,41.7615983920023
2.48799999999995,41.9904708514582
2.48999999999995,42.2163962750948
2.49199999999995,42.4393588066882
2.49399999999995,42.6593427979602
2.49599999999995,42.8763328096768
2.49799999999995,43.0903136127321
2.49999999999995,43.3012701892163
2.50199999999995,43.5091877334707
2.50399999999995,43.7140516531261
2.50599999999995,43.9158475701274
2.50799999999995,44.1145613217423
2.50999999999995,44.3101789615554
2.51199999999994,44.5026867604473
2.51399999999994,44.692071207558
2.51599999999994,44.8783190112347
2.51799999999994,45.0614170999655
2.51999999999994,45.241352623296
2.52199999999994,45.4181129527316
2.52399999999994,45.5916856826239
2.52599999999994,45.7620586310411
2.52799999999994,45.929219840623
2.52999999999994,46.0931575794204
2.53199999999994,46.2538603417183
2.53399999999994,46.4113168488437
2.53599999999994,46.5655160499566
2.53799999999994,46.7164471228262
2.53999999999994,46.8640994745903
2.54199999999994,47.0084627424983
2.54399999999994,47.1495267946391
2.54599999999994,47.2872817306518
2.54799999999994,47.4217178824207
2.54999999999994,47.5528258147538
2.55199999999994,47.680596326045
2.55399999999994,47.8050204489199
2.55599999999994,47.9260894508652
2.55799999999994,48.0437948348414
2.55999999999994,48.1581283398795
2.56199999999994,48.2690819416604
2.56399999999994,48.3766478530783
2.56599999999994,48.4808185247872
2.56799999999994,48.5815866457307
2.56999999999994,48.6789451436551
2.57199999999994,48.7728871856058
2.57399999999994,48.8634061784069
2.57599999999994,48.9504957691238
2.57799999999994,49.0341498455092
2.57999999999994,49.114362536432
2.58199999999994,49.1911282122893
2.58399999999994,49.2644414854017
2.58599999999994,49.3342972103912
2.58799999999994,49.4006904845427
2.58999999999994,49.4636166481475
2.59199999999994,49.5230712848307
2.59399999999994,49.5790502218613
2.59599999999994,49.6315495304448
2.59799999999994,49.6805655259989
2.59999999999994,49.7260947684122
2.60199999999994,49.7681340622859
2.60399999999993,49.8066804571574
2.60599999999993,49.8417312477081
2.60799999999993,49.8732839739529
2.60999999999993,49.9013364214127
2.61199999999993,49.9258866212702
2.61399999999993,49.9469328505079
2.61599999999993,49.9644736320289
2.61799999999993,49.9785077347608
2.61999999999993,49.989034173742
2.62199999999993,49.9960522101906
2.62399999999993,49.9995613515568
2.62599999999993,49.9995613515569
2.62799999999993,49.996052210191
2.62999999999993,49.9890341737426
2.63199999999993,49.9785077347617
2.63399999999993,49.96447363203
2.63599999999993,49.9469328505092
2.63799999999993,49.9258866212718
2.63999999999993,49.9013364214145
2.64199999999993,49.8732839739549
2.64399999999993,49.8417312477104
2.64599999999993,49.8066804571599
2.64799999999993,49.7681340622886
2.64999999999993,49.7260947684152
2.65199999999993,49.6805655260021
2.65399999999993,49.6315495304483
2.65599999999993,49.579050221865
2.65799999999993,49.5230712848346
2.65999999999993,49.4636166481516
2.66199999999993,49.4006904845471
2.66399999999993,49.3342972103959
2.66599999999993,49.2644414854065
2.66799999999993,49.1911282122943
2.66999999999993,49.1143625364373
2.67199999999993,49.0341498455148
2.67399999999993,48.9504957691296
2.67599999999993,48.8634061784129
2.67799999999993,48.7728871856121
2.67999999999993,48.6789451436616
2.68199999999993,48.5815866457374
2.68399999999993,48.4808185247941
2.68599999999993,48.3766478530855
2.68799999999993,48.2690819416678
2.68999999999993,48.1581283398871
2.69199999999993,48.0437948348493
2.69399999999992,47.9260894508733
2.69599999999992,47.8050204489283
2.69799999999992,47.6805963260536
2.69999999999992,47.5528258147626
2.70199999999992,47.4217178824297
2.70399999999992,47.2872817306611
2.70599999999992,47.1495267946486
2.70799999999992,47.008462742508
2.70999999999992,46.8640994746002
2.71199999999992,46.7164471228364
2.71399999999992,46.5655160499669
2.71599999999992,46.4113168488542
2.71799999999992,46.2538603417291
2.71999999999992,46.0931575794314
2.72199999999992,45.9292198406342
2.72399999999992,45.7620586310525
2.72599999999992,45.5916856826356
2.72799999999992,45.4181129527435
2.72999999999992,45.241352623308
2.73199999999992,45.0614170999778
2.73399999999992,44.8783190112472
2.73599999999992,44.6920712075707
2.73799999999992,44.5026867604603
2.73999999999992,44.3101789615686
2.74199999999992,44.1145613217556
2.74399999999992,43.915847570141
2.74599999999992,43.7140516531399
2.74799999999992,43.5091877334847
2.74999999999992,43.3012701892305
2.75199999999992,43.0903136127464
2.75399999999992,42.8763328096914
2.75599999999992,42.659342797975
2.75799999999992,42.4393588067032
2.75999999999992,42.21639627511
2.76199999999992,41.9904708514736
2.76399999999992,41.7615983920179
2.76599999999992,41.5297949598004
2.76799999999992,41.2950768235838
2.76999999999992,41.0574604566952
2.77199999999992,40.8169625358693
2.77399999999992,40.5735999400783
2.77599999999992,40.3273897493471
2.77799999999992,40.0783492435544
2.77999999999992,39.8264959012206
2.78199999999992,39.5718473982802
2.78399999999991,39.314421606842
2.78599999999991,39.0542365939344
2.78799999999991,38.7913106202373
2.78999999999991,38.5256621388009
2.79199999999991,38.2573097937504
2.79399999999991,37.986272418977
2.79599999999991,37.7125690368171
2.79799999999991,37.4362188567164
2.79999999999991,37.1572412738819
2.80199999999991,36.8756558679211
2.80399999999991,36.5914824014671
2.80599999999991,36.3047408187922
2.80799999999991,36.0154512444081
2.80999999999991,35.7236339816531
2.81199999999991,35.4293095112674
2.81399999999991,35.1324984899557
2.81599999999991,34.8332217489374
2.81799999999991,34.5315002924846
2.81999999999991,34.2273552964481
2.82199999999991,33.9208081067707
2.82399999999991,33.6118802379897
2.82599999999991,33.3005933717266
2.82799999999991,32.9869693551655
2.82999999999991,32.6710301995196
2.83199999999991,32.3527980784867
2.83399999999991,32.0322953266927
2.83599999999991,31.7095444381242
2.83799999999991,31.3845680645499
2.83999999999991,31.0573890139305
2.84199999999991,30.7280302488184
2.84399999999991,30.3965148847455
2.84599999999991,30.0628661886018
2.84799999999991,29.7271075770012
2.84999999999991,29.3892626146393
2.85199999999991,29.0493550126388
2.85399999999991,28.7074086268855
2.85599999999991,28.3634474563539
2.85799999999991,28.0174956414235
2.85999999999991,27.6695774621835
2.86199999999991,27.3197173367299
2.86399999999991,26.9679398194508
2.86599999999991,26.6142695993034
2.86799999999991,26.2587314980816
2.86999999999991,25.9013504686735
2.87199999999991,25.5421515933101
2.87399999999991,25.1811600818053
2.8759999999999,24.8184012697862
2.8779999999999,24.4539006169153
2.8799999999999,24.0876837051033
2.8819999999999,23.7197762367142
2.8839999999999,23.3502040327606
2.8859999999999,22.9789930310923
2.8879999999999,22.6061692845756
2.8899999999999,22.2317589592646
2.8919999999999,21.855788332565
2.8939999999999,21.4782837913898
2.8959999999999,21.0992718303077
2.8979999999999,20.7187790496829
2.8999999999999,20.3368321538088
2.9019999999999,19.9534579490336
2.9039999999999,19.5686833418791
2.9059999999999,19.1825353371519
2.9079999999999,18.7950410360486
2.9099999999999,18.4062276342532
2.9119999999999,18.0161224200292
2.9139999999999,17.6247527723034
2.9159999999999,17.2321461587455
2.9179999999999,16.8383301338392
2.9199999999999,16.443332336949
2.9219999999999,16.0471804903804
2.9239999999999,15.6499023974339
2.9259999999999,15.251525940454
2.9279999999999,14.852079078872
2.9299999999999,14.4515898472439
2.9319999999999,14.0500863532829
2.9339999999999,13.6475967758868
2.9359999999999,13.2441493631597
2.9379999999999,12.8397724304301
2.9399999999999,12.4344943582635
2.9419999999999,12.0283435904704
2.9439999999999,11.6213486321102
2.9459999999999,11.2135380474901
2.9479999999999,10.8049404581612
2.9499999999999,10.3955845409092
2.9519999999999,9.98549902574169
2.9539999999999,9.57471269387205
2.9559999999999,9.16325437569945
2.9579999999999,8.75115294878532
2.9599999999999,8.33843733582678
2.9619999999999,7.92513650262636
2.9639999999999,7.51127945605963
2.96599999999989,7.09689524203905
2.96799999999989,6.6820129434755
2.96999999999989,6.26666167823723
2.97199999999989,5.85087059710594
2.97399999999989,5.43466888173137
2.97599999999989,5.0180857425829
2.97799999999989,4.60115041689965
2.97999999999989,4.18389216663811
2.98199999999989,3.76634027641901
2.98399999999989,3.34852405147166
2.98599999999989,2.93047281557728
2.98799999999989,2.51221590901105
2.98999999999989,2.09378268648259
2.99199999999989,1.67520251507622
2.99399999999989,1.25650477218955
2.99599999999989,0.837718843471864
2.99799999999989,0.418874120761355
2.99999999999989,2.28506783222762e-11
3.00199999999989,-0.418874120715655
3.00399999999989,-0.83771884342608
3.00599999999989,-1.25650477214386
3.00799999999989,-1.67520251503054
3.00999999999989,-2.09378268643693
3.01199999999989,-2.51221590896541
3.01399999999989,-2.93047281553165
3.01599999999989,-3.34852405142606
3.01799999999989,-3.76634027637344
3.01999999999989,-4.18389216659257
3.02199999999989,-4.60115041685405
3.02399999999989,-5.01808574253743
3.02599999999989,-5.43466888168594
3.02799999999989,-5.85087059706055
3.02999999999989,-6.26666167819189
3.03199999999989,-6.6820129434302
3.03399999999989,-7.09689524199381
3.03599999999989,-7.51127945601445
3.03799999999989,-7.92513650258123
3.03999999999989,-8.33843733578163
3.04199999999989,-8.75115294874033
3.04399999999989,-9.16325437565452
3.04599999999989,-9.5747126938272
3.04799999999989,-9.98549902569691
3.04999999999989,-10.3955845408645
3.05199999999989,-10.8049404581166
3.05399999999989,-11.2135380474456
3.05599999999989,-11.6213486320657
3.05799999999988,-12.0283435904261
3.05999999999988,-12.4344943582192
3.06199999999988,-12.8397724303859
3.06399999999988,-13.2441493631156
3.06599999999988,-13.6475967758428
3.06799999999988,-14.0500863532391
3.06999999999988,-14.4515898472002
3.07199999999988,-14.8520790788283
3.07399999999988,-15.2515259404105
3.07599999999988,-15.6499023973905
3.07799999999988,-16.0471804903371
3.07999999999988,-16.4433323369058
3.08199999999988,-16.8383301337961
3.08399999999988,-17.2321461587025
3.08599999999988,-17.6247527722607
3.08799999999988,-18.0161224199865
3.08999999999988,-18.4062276342107
3.09199999999988,-18.7950410360062
3.09399999999988,-19.1825353371097
3.09599999999988,-19.568683341837
3.09799999999988,-19.9534579489917
3.09999999999988,-20.3368321537671
3.10199999999988,-20.7187790496412
3.10399999999988,-21.0992718302662
3.10599999999988,-21.4782837913486
3.10799999999988,-21.8557883325239
3.10999999999988,-22.2317589592236
3.11199999999988,-22.6061692845348
3.11399999999988,-22.9789930310518
3.11599999999988,-23.3502040327202
3.11799999999988,-23.719776236674
3.11999999999988,-24.0876837050633
3.12199999999988,-24.4539006168754
3.12399999999988,-24.8184012697465
3.12599999999988,-25.1811600817658
3.12799999999988,-25.5421515932708
3.12999999999988,-25.9013504686344
3.13199999999988,-26.2587314980427
3.13399999999988,-26.6142695992647
3.13599999999988,-26.9679398194123
3.13799999999988,-27.3197173366916
3.13999999999988,-27.6695774621455
3.14199999999988,-28.0174956413856
3.14399999999988,-28.3634474563163
3.14599999999988,-28.707408626848
3.14799999999987,-29.0493550126016
3.14999999999987,-29.3892626146024
3.15199999999987,-29.7271075769645
3.15399999999987,-30.0628661885653
3.15599999999987,-30.3965148847092
3.15799999999987,-30.7280302487823
3.15999999999987,-31.0573890138947
3.16199999999987,-31.3845680645143
3.16399999999987,-31.7095444380889
3.16599999999987,-32.0322953266576
3.16799999999987,-32.3527980784518
3.16999999999987,-32.671030199485
3.17199999999987,-32.9869693551311
3.17399999999987,-33.3005933716925
3.17599999999987,-33.6118802379559
3.17799999999987,-33.9208081067371
3.17999999999987,-34.2273552964148
3.18199999999987,-34.5315002924516
3.18399999999987,-34.8332217489046
3.18599999999987,-35.1324984899232
3.18799999999987,-35.4293095112351
3.18999999999987,-35.7236339816211
3.19199999999987,-36.0154512443764
3.19399999999987,-36.3047408187608
3.19599999999987,-36.5914824014359
3.19799999999987,-36.8756558678902
3.19999999999987,-37.1572412738513
3.20199999999987,-37.4362188566861
3.20399999999987,-37.7125690367871
3.20599999999987,-37.9862724189473
3.20799999999987,-38.2573097937209
3.20999999999987,-38.5256621387718
3.21199999999987,-38.7913106202085
3.21399999999987,-39.0542365939058
3.21599999999987,-39.3144216068137
3.21799999999987,-39.5718473982522
3.21999999999987,-39.8264959011929
3.22199999999987,-40.0783492435271
3.22399999999987,-40.3273897493201
3.22599999999987,-40.5735999400516
3.22799999999987,-40.8169625358429
3.22999999999987,-41.0574604566691
3.23199999999987,-41.295076823558
3.23399999999987,-41.5297949597749
3.23599999999987,-41.7615983919928
3.23799999999986,-41.9904708514488
3.23999999999986,-42.2163962750856
3.24199999999986,-42.4393588066791
3.24399999999986,-42.6593427979511
3.24599999999986,-42.8763328096679
3.24799999999986,-43.0903136127233
3.24999999999986,-43.3012701892076
3.25199999999986,-43.5091877334621
3.25399999999986,-43.7140516531177
3.25599999999986,-43.9158475701191
3.25799999999986,-44.1145613217341
3.25999999999986,-44.3101789615474
3.26199999999986,-44.5026867604394
3.26399999999986,-44.6920712075502
3.26599999999986,-44.8783190112271
3.26799999999986,-45.061417099958
3.26999999999986,-45.2413526232886
3.27199999999986,-45.4181129527244
3.27399999999986,-45.5916856826168
3.27599999999986,-45.7620586310341
3.27799999999986,-45.9292198406161
3.27999999999986,-46.0931575794137
3.28199999999986,-46.2538603417117
3.28399999999986,-46.4113168488372
3.28599999999986,-46.5655160499503
3.28799999999986,-46.7164471228201
3.28999999999986,-46.8640994745843
3.29199999999986,-47.0084627424924
3.29399999999986,-47.1495267946334
3.29599999999986,-47.2872817306462
3.29799999999986,-47.4217178824152
3.29999999999986,-47.5528258147485
3.30199999999986,-47.6805963260398
3.30399999999986,-47.8050204489149
3.30599999999986,-47.9260894508603
3.30799999999986,-48.0437948348366
3.30999999999986,-48.1581283398748
3.31199999999986,-48.2690819416559
3.31399999999986,-48.3766478530739
3.31599999999986,-48.4808185247829
3.31799999999986,-48.5815866457266
3.31999999999986,-48.6789451436511
3.32199999999986,-48.772887185602
3.32399999999986,-48.8634061784032
3.32599999999986,-48.9504957691203
3.32799999999986,-49.0341498455058
3.32999999999985,-49.1143625364287
3.33199999999985,-49.1911282122862
3.33399999999985,-49.2644414853987
3.33599999999985,-49.3342972103884
3.33799999999985,-49.40069048454
3.33999999999985,-49.4636166481449
3.34199999999985,-49.5230712848283
3.34399999999985,-49.5790502218591
3.34599999999985,-49.6315495304427
3.34799999999985,-49.6805655259969
3.34999999999985,-49.7260947684104
3.35199999999985,-49.7681340622842
3.35399999999985,-49.8066804571559
3.35599999999985,-49.8417312477068
3.35799999999985,-49.8732839739517
3.35999999999985,-49.9013364214116
3.36199999999985,-49.9258866212693
3.36399999999985,-49.9469328505071
3.36599999999985,-49.9644736320283
3.36799999999985,-49.9785077347603
3.36999999999985,-49.9890341737416
3.37199999999985,-49.9960522101904
3.37399999999985,-49.9995613515568
3.37599999999985,-49.999561351557
3.37799999999985,-49.9960522101912
3.37999999999985,-49.9890341737429
3.38199999999985,-49.9785077347622
3.38399999999985,-49.9644736320307
3.38599999999985,-49.94693285051
3.38799999999985,-49.9258866212727
3.38999999999985,-49.9013364214156
3.39199999999985,-49.8732839739561
3.39399999999985,-49.8417312477118
3.39599999999985,-49.8066804571614
3.39799999999985,-49.7681340622903
3.39999999999985,-49.726094768417
3.40199999999985,-49.6805655260041
3.40399999999985,-49.6315495304504
3.40599999999985,-49.5790502218673
3.40799999999985,-49.523071284837
3.40999999999985,-49.4636166481541
3.41199999999985,-49.4006904845498
3.41399999999985,-49.3342972103987
3.41599999999985,-49.2644414854095
3.41799999999985,-49.1911282122974
3.41999999999984,-49.1143625364405
3.42199999999984,-49.0341498455182
3.42399999999984,-48.9504957691331
3.42599999999984,-48.8634061784166
3.42799999999984,-48.7728871856159
3.42999999999984,-48.6789451436655
3.43199999999984,-48.5815866457415
3.43399999999984,-48.4808185247983
3.43599999999984,-48.3766478530898
3.43799999999984,-48.2690819416723
3.43999999999984,-48.1581283398918
3.44199999999984,-48.0437948348541
3.44399999999984,-47.9260894508782
3.44599999999984,-47.8050204489333
3.44799999999984,-47.6805963260588
3.44999999999984,-47.5528258147679
3.45199999999984,-47.4217178824352
3.45399999999984,-47.2872817306667
3.45599999999984,-47.1495267946543
3.45799999999984,-47.0084627425139
3.45999999999984,-46.8640994746062
3.46199999999984,-46.7164471228425
3.46399999999984,-46.5655160499733
3.46599999999984,-46.4113168488607
3.46799999999984,-46.2538603417357
3.46999999999984,-46.0931575794381
3.47199999999984,-45.929219840641
3.47399999999984,-45.7620586310595
3.47599999999984,-45.5916856826427
3.47799999999984,-45.4181129527507
3.47999999999984,-45.2413526233154
3.48199999999984,-45.0614170999853
3.48399999999984,-44.8783190112549
3.48599999999984,-44.6920712075785
3.48799999999984,-44.5026867604682
3.48999999999984,-44.3101789615766
3.49199999999984,-44.1145613217638
3.49399999999984,-43.9158475701493
3.49599999999984,-43.7140516531483
3.49799999999984,-43.5091877334932
3.49999999999984,-43.3012701892391
3.50199999999984,-43.0903136127552
3.50399999999984,-42.8763328097004
3.50599999999984,-42.659342797984
3.50799999999984,-42.4393588067124
3.50999999999984,-42.2163962751193
3.51199999999983,-41.990470851483
3.51399999999983,-41.7615983920275
3.51599999999983,-41.52979495981
3.51799999999983,-41.2950768235936
3.51999999999983,-41.0574604567051
3.52199999999983,-40.8169625358794
3.52399999999983,-40.5735999400884
3.52599999999983,-40.3273897493573
3.52799999999983,-40.0783492435648
3.52999999999983,-39.826495901231
3.53199999999983,-39.5718473982907
3.53399999999983,-39.3144216068527
3.53599999999983,-39.0542365939452
3.53799999999983,-38.7913106202482
3.53999999999983,-38.525662138812
3.54199999999983,-38.2573097937615
3.54399999999983,-37.9862724189883
3.54599999999983,-37.7125690368285
3.54799999999983,-37.4362188567278
3.54999999999983,-37.1572412738935
3.55199999999983,-36.8756558679328
3.55399999999983,-36.5914824014789
3.55599999999983,-36.3047408188041
3.55799999999983,-36.0154512444201
3.55999999999983,-35.7236339816652
3.56199999999983,-35.4293095112796
3.56399999999983,-35.132498489968
3.56599999999983,-34.8332217489498
3.56799999999983,-34.5315002924971
3.56999999999983,-34.2273552964607
3.57199999999983,-33.9208081067834
3.57399999999983,-33.6118802380025
3.57599999999983,-33.3005933717395
3.57799999999983,-32.9869693551785
3.57999999999983,-32.6710301995327
3.58199999999983,-32.3527980784999
3.58399999999983,-32.032295326706
3.58599999999983,-31.7095444381376
3.58799999999983,-31.3845680645634
3.58999999999983,-31.0573890139441
3.59199999999983,-30.728030248832
3.59399999999983,-30.3965148847593
3.59599999999983,-30.0628661886156
3.59799999999983,-29.7271075770152
3.59999999999983,-29.3892626146534
3.60199999999982,-29.0493550126529
3.60399999999982,-28.7074086268996
3.60599999999982,-28.3634474563682
3.60799999999982,-28.0174956414378
3.60999999999982,-27.669577462198
3.61199999999982,-27.3197173367444
3.61399999999982,-26.9679398194654
3.61599999999982,-26.6142695993181
3.61799999999982,-26.2587314980964
3.61999999999982,-25.9013504686883
3.62199999999982,-25.542151593325
3.62399999999982,-25.1811600818203
3.62599999999982,-24.8184012698012
3.62799999999982,-24.4539006169304
3.62999999999982,-24.0876837051185
3.63199999999982,-23.7197762367295
3.63399999999982,-23.3502040327759
3.63599999999982,-22.9789930311077
3.63799999999982,-22.606169284591
3.63999999999982,-22.2317589592801
3.64199999999982,-21.8557883325806
3.64399999999982,-21.4782837914055
3.64599999999982,-21.0992718303234
3.64799999999982,-20.7187790496986
3.64999999999982,-20.3368321538246
3.65199999999982,-19.9534579490495
3.65399999999982,-19.568683341895
3.65599999999982,-19.1825353371679
3.65799999999982,-18.7950410360646
3.65999999999982,-18.4062276342693
3.66199999999982,-18.0161224200453
3.66399999999982,-17.6247527723196
3.66599999999982,-17.2321461587617
3.66799999999982,-16.8383301338555
3.66999999999982,-16.4433323369654
3.67199999999982,-16.0471804903968
3.67399999999982,-15.6499023974504
3.67599999999982,-15.2515259404705
3.67799999999982,-14.8520790788885
3.67999999999982,-14.4515898472605
3.68199999999982,-14.0500863532996
3.68399999999982,-13.6475967759034
3.68599999999982,-13.2441493631764
3.68799999999982,-12.8397724304468
3.68999999999982,-12.4344943582803
3.69199999999981,-12.0283435904872
3.69399999999981,-11.621348632127
3.69599999999981,-11.213538047507
3.69799999999981,-10.8049404581781
3.69999999999981,-10.3955845409261
3.70199999999981,-9.98549902575867
3.70399999999981,-9.57471269388906
3.70599999999981,-9.16325437571648
3.70799999999981,-8.75115294880238
3.70999999999981,-8.33843733584377
3.71199999999981,-7.92513650264346
3.71399999999981,-7.51127945607676
3.71599999999981,-7.0968952420562
3.71799999999981,-6.68201294349267
3.71999999999981,-6.26666167825442
3.72199999999981,-5.85087059712315
3.72399999999981,-5.43466888174859
3.72599999999981,-5.01808574260014
3.72799999999981,-4.60115041691681
3.72999999999981,-4.18389216665537
3.73199999999981,-3.76634027643629
3.73399999999981,-3.34852405148895
3.73599999999981,-2.93047281559457
3.73799999999981,-2.51221590902836
3.73999999999981,-2.0937826864999
3.74199999999981,-1.67520251509354
3.74399999999981,-1.25650477220687
3.74599999999981,-0.837718843489187
3.74799999999981,-0.418874120778679
3.74999999999981,-4.01762807404243e-11
3.75199999999981,0.41887412069833
3.75399999999981,0.837718843408845
3.75599999999981,1.25650477212654
3.75799999999981,1.67520251501323
3.75999999999981,2.09378268641962
3.76199999999981,2.51221590894811
3.76399999999981,2.93047281551436
3.76599999999981,3.34852405140877
3.76799999999981,3.76634027635616
3.76999999999981,4.1838921665753
3.77199999999981,4.60115041683689
3.77399999999981,5.01808574252019
3.77599999999981,5.43466888166872
3.77799999999981,5.85087059704335
3.77999999999981,6.2666616781747
3.78199999999981,6.68201294341304
3.7839999999998,7.09689524197666
3.7859999999998,7.51127945599732
3.7879999999998,7.92513650256413
3.7899999999998,8.33843733576463
3.7919999999998,8.75115294872327
3.7939999999998,9.16325437563749
3.7959999999998,9.57471269381019
3.7979999999998,9.98549902567994
3.7999999999998,10.3955845408475
3.8019999999998,10.8049404580997
3.8039999999998,11.2135380474287
3.8059999999998,11.6213486320489
3.8079999999998,12.0283435904092
3.8099999999998,12.4344943582025
3.8119999999998,12.8397724303692
3.8139999999998,13.2441493630989
3.8159999999998,13.6475967758262
3.8179999999998,14.0500863532225
3.8199999999998,14.4515898471836
3.8219999999998,14.8520790788118
3.8239999999998,15.251525940394
3.8259999999998,15.6499023973741
3.8279999999998,16.0471804903208
3.8299999999998,16.4433323368894
3.8319999999998,16.8383301337797
3.8339999999998,17.2321461586863
3.8359999999998,17.6247527722444
3.8379999999998,18.0161224199704
3.8399999999998,18.4062276341946
3.8419999999998,18.7950410359902
3.8439999999998,19.1825353370938
3.8459999999998,19.5686833418212
3.8479999999998,19.9534579489758
3.8499999999998,20.3368321537511
3.8519999999998,20.7187790496255
3.8539999999998,21.0992718302505
3.8559999999998,21.4782837913329
3.8579999999998,21.8557883325083
3.8599999999998,22.2317589592081
3.8619999999998,22.6061692845194
3.8639999999998,22.9789930310364
3.8659999999998,23.3502040327048
3.8679999999998,23.7197762366586
3.8699999999998,24.0876837050481
3.8719999999998,24.4539006168603
3.87399999999979,24.8184012697315
3.87599999999979,25.1811600817508
3.87799999999979,25.542151593256
3.87999999999979,25.9013504686196
3.88199999999979,26.2587314980281
3.88399999999979,26.61426959925
3.88599999999979,26.9679398193977
3.88799999999979,27.3197173366771
3.88999999999979,27.669577462131
3.89199999999979,28.0174956413712
3.89399999999979,28.363447456302
3.89599999999979,28.7074086268339
3.89799999999979,29.0493550125876
3.89999999999979,29.3892626145884
3.90199999999979,29.7271075769505
3.90399999999979,30.0628661885513
3.90599999999979,30.3965148846955
3.90799999999979,30.7280302487686
3.90999999999979,31.0573890138811
3.91199999999979,31.3845680645009
3.91399999999979,31.7095444380755
3.91599999999979,32.0322953266443
3.91799999999979,32.3527980784387
3.91999999999979,32.6710301994718
3.92199999999979,32.9869693551181
3.92399999999979,33.3005933716796
3.92599999999979,33.611880237943
3.92799999999979,33.9208081067244
3.92999999999979,34.2273552964021
3.93199999999979,34.5315002924391
3.93399999999979,34.8332217488922
3.93599999999979,35.1324984899108
3.93799999999979,35.4293095112229
3.93999999999979,35.723633981609
3.94199999999979,36.0154512443644
3.94399999999979,36.3047408187489
3.94599999999979,36.5914824014241
3.94799999999979,36.8756558678785
3.94999999999979,37.1572412738398
3.95199999999979,37.4362188566746
3.95399999999979,37.7125690367757
3.95599999999979,37.986272418936
3.95799999999979,38.2573097937097
3.95999999999979,38.5256621387607
3.96199999999979,38.7913106201975
3.96399999999979,39.054236593895
3.96599999999978,39.3144216068031
3.96799999999978,39.5718473982417
3.96999999999978,39.8264959011825
3.97199999999978,40.0783492435167
3.97399999999978,40.3273897493098
3.97599999999978,40.5735999400415
3.97799999999978,40.8169625358329
3.97999999999978,41.0574604566592
3.98199999999978,41.2950768235483
3.98399999999978,41.5297949597653
3.98599999999978,41.7615983919833
3.98799999999978,41.9904708514394
3.98999999999978,42.2163962750762
3.99199999999978,42.4393588066699
3.99399999999978,42.6593427979421
3.99599999999978,42.876332809659
3.99799999999978,43.0903136127145
3.99999999999978,43.301270189199
4.00199999999978,43.5091877334536
4.00399999999978,43.7140516531094
4.00599999999978,43.9158475701109
4.00799999999978,44.114561321726
4.00999999999978,44.3101789615394
4.01199999999978,44.5026867604316
4.01399999999978,44.6920712075425
4.01599999999978,44.8783190112195
4.01799999999978,45.0614170999505
4.01999999999978,45.2413526232812
4.02199999999978,45.4181129527172
4.02399999999978,45.5916856826097
4.02599999999978,45.7620586310272
4.02799999999978,45.9292198406093
4.02999999999978,46.093157579407
4.03199999999978,46.2538603417052
4.03399999999978,46.4113168488308
4.03599999999978,46.565516049944
4.03799999999978,46.7164471228139
4.03999999999978,46.8640994745783
4.04199999999978,47.0084627424866
4.04399999999978,47.1495267946276
4.04599999999978,47.2872817306406
4.04799999999978,47.4217178824098
4.04999999999978,47.5528258147432
4.05199999999978,47.6805963260346
4.05399999999978,47.8050204489098
4.05599999999978,47.9260894508553
4.05799999999978,48.0437948348319
4.05999999999977,48.1581283398702
4.06199999999977,48.2690819416514
4.06399999999977,48.3766478530695
4.06599999999977,48.4808185247787
4.06799999999977,48.5815866457225
4.06999999999977,48.6789451436472
4.07199999999977,48.7728871855982
4.07399999999977,48.8634061783996
4.07599999999977,48.9504957691168
4.07799999999977,49.0341498455025
4.07999999999977,49.1143625364255
4.08199999999977,49.1911282122831
4.08399999999977,49.2644414853958
4.08599999999977,49.3342972103856
4.08799999999977,49.4006904845373
4.08999999999977,49.4636166481424
4.09199999999977,49.5230712848259
4.09399999999977,49.5790502218569
4.09599999999977,49.6315495304406
4.09799999999977,49.680565525995
4.09999999999977,49.7260947684086
4.10199999999977,49.7681340622826
4.10399999999977,49.8066804571544
4.10599999999977,49.8417312477054
4.10799999999977,49.8732839739504
4.10999999999977,49.9013364214105
4.11199999999977,49.9258866212684
4.11399999999977,49.9469328505063
4.11599999999977,49.9644736320276
4.11799999999977,49.9785077347598
4.11999999999977,49.9890341737413
4.12199999999977,49.9960522101902
4.12399999999977,49.9995613515567
4.12599999999977,49.9995613515571
4.12799999999977,49.9960522101914
4.12999999999977,49.9890341737433
4.13199999999977,49.9785077347627
4.13399999999977,49.9644736320313
4.13599999999977,49.9469328505108
4.13799999999977,49.9258866212737
4.13999999999977,49.9013364214167
4.14199999999977,49.8732839739574
4.14399999999977,49.8417312477131
4.14599999999977,49.8066804571629
4.14799999999977,49.7681340622919
4.14999999999976,49.7260947684188
4.15199999999976,49.680565526006
4.15399999999976,49.6315495304524
4.15599999999976,49.5790502218695
4.15799999999976,49.5230712848394
4.15999999999976,49.4636166481567
4.16199999999976,49.4006904845524
4.16399999999976,49.3342972104015
4.16599999999976,49.2644414854124
4.16799999999976,49.1911282123005
4.16999999999976,49.1143625364438
4.17199999999976,49.0341498455215
4.17399999999976,48.9504957691366
4.17599999999976,48.8634061784203
4.17799999999976,48.7728871856197
4.17999999999976,48.6789451436694
4.18199999999976,48.5815866457455
4.18399999999976,48.4808185248026
4.18599999999976,48.3766478530942
4.18799999999976,48.2690819416768
4.18999999999976,48.1581283398964
4.19199999999976,48.0437948348588
4.19399999999976,47.9260894508832
4.19599999999976,47.8050204489384
4.19799999999976,47.680596326064
4.19999999999976,47.5528258147733
4.20199999999976,47.4217178824407
4.20399999999976,47.2872817306723
4.20599999999976,47.1495267946601
4.20799999999976,47.0084627425197
4.20999999999976,46.8640994746122
4.21199999999976,46.7164471228487
4.21399999999976,46.5655160499795
4.21599999999976,46.4113168488671
4.21799999999976,46.2538603417422
4.21999999999976,46.0931575794448
4.22199999999976,45.9292198406478
4.22399999999976,45.7620586310664
4.22599999999976,45.5916856826497
4.22799999999976,45.418112952758
4.22999999999976,45.2413526233228
4.23199999999976,45.0614170999928
4.23399999999976,44.8783190112625
4.23599999999976,44.6920712075862
4.23799999999976,44.502686760476
4.23999999999976,44.3101789615845
4.24199999999975,44.1145613217719
4.24399999999975,43.9158475701575
4.24599999999975,43.7140516531567
4.24799999999975,43.5091877335017
4.24999999999975,43.3012701892478
4.25199999999975,43.090313612764
4.25399999999975,42.8763328097092
4.25599999999975,42.659342797993
4.25799999999975,42.4393588067215
4.25999999999975,42.2163962751285
4.26199999999975,41.9904708514923
4.26399999999975,41.761598392037
4.26599999999975,41.5297949598196
4.26799999999975,41.2950768236033
4.26999999999975,41.0574604567149
4.27199999999975,40.8169625358893
4.27399999999975,40.5735999400985
4.27599999999975,40.3273897493675
4.27799999999975,40.078349243575
4.27999999999975,39.8264959012414
4.28199999999975,39.5718473983013
4.28399999999975,39.3144216068634
4.28599999999975,39.0542365939559
4.28799999999975,38.7913106202591
4.28999999999975,38.525662138823
4.29199999999975,38.2573097937726
4.29399999999975,37.9862724189994
4.29599999999975,37.7125690368397
4.29799999999975,37.4362188567392
4.29999999999975,37.1572412739051
4.30199999999975,36.8756558679444
4.30399999999975,36.5914824014906
4.30599999999975,36.304740818816
4.30799999999975,36.0154512444321
4.30999999999975,35.7236339816772
4.31199999999975,35.4293095112917
4.31399999999975,35.1324984899802
4.31599999999975,34.8332217489621
4.31799999999975,34.5315002925097
4.31999999999975,34.2273552964733
4.32199999999975,33.9208081067961
4.32399999999975,33.6118802380153
4.32599999999975,33.3005933717524
4.32799999999975,32.9869693551914
4.32999999999975,32.6710301995457
4.33199999999974,32.352798078513
4.33399999999974,32.0322953267193
4.33599999999974,31.709544438151
4.33799999999974,31.3845680645768
4.33999999999974,31.0573890139576
4.34199999999974,30.7280302488456
4.34399999999974,30.396514884773
4.34599999999974,30.0628661886293
4.34799999999974,29.7271075770289
4.34999999999974,29.3892626146672
4.35199999999974,29.049355012667
4.35399999999974,28.7074086269138
4.35599999999974,28.3634474563824
4.35799999999974,28.0174956414521
4.35999999999974,27.6695774622123
4.36199999999974,27.3197173367588
4.36399999999974,26.9679398194798
4.36599999999974,26.6142695993326
4.36799999999974,26.258731498111
4.36999999999974,25.9013504687031
4.37199999999974,25.5421515933398
4.37399999999974,25.1811600818352
4.37599999999974,24.8184012698162
4.37799999999974,24.4539006169454
4.37999999999974,24.0876837051336
4.38199999999974,23.7197762367446
4.38399999999974,23.3502040327911
4.38599999999974,22.978993031123
4.38799999999974,22.6061692846065
4.38999999999974,22.2317589592956
4.39199999999974,21.8557883325961
4.39399999999974,21.478283791421
4.39599999999974,21.099271830339
4.39799999999974,20.7187790497143
4.39999999999974,20.3368321538403
4.40199999999974,19.9534579490653
4.40399999999974,19.5686833419108
4.40599999999974,19.1825353371839
4.40799999999974,18.7950410360806
4.40999999999974,18.4062276342854
4.41199999999974,18.0161224200614
4.41399999999974,17.6247527723358
4.41599999999974,17.2321461587779
4.41799999999974,16.8383301338716
4.41999999999974,16.4433323369816
4.42199999999974,16.047180490413
4.42399999999973,15.6499023974668
4.42599999999973,15.251525940487
4.42799999999973,14.852079078905
4.42999999999973,14.451589847277
4.43199999999973,14.0500863533161
4.43399999999973,13.64759677592
4.43599999999973,13.2441493631929
4.43799999999973,12.8397724304634
4.43999999999973,12.4344943582971
4.44199999999973,12.0283435905041
4.44399999999973,11.6213486321438
4.44599999999973,11.2135380475238
4.44799999999973,10.804940458195
4.44999999999973,10.395584540943
4.45199999999973,9.98549902577547
4.45399999999973,9.57471269390589
4.45599999999973,9.16325437573334
4.45799999999973,8.75115294881944
4.45999999999973,8.33843733586086
4.46199999999973,7.92513650266048
4.46399999999973,7.5112794560938
4.46599999999973,7.09689524207326
4.46799999999973,6.68201294350975
4.46999999999973,6.26666167827143
4.47199999999973,5.85087059714018
4.47399999999973,5.43466888176564
4.47599999999973,5.01808574261738
4.47799999999973,4.60115041693406
4.47999999999973,4.18389216667255
4.48199999999973,3.76634027645347
4.48399999999973,3.34852405150614
4.48599999999973,2.93047281561178
4.48799999999973,2.51221590904548
4.48999999999973,2.09378268651704
4.49199999999973,1.67520251511067
4.49399999999973,1.25650477222419
4.49599999999973,0.837718843506421
4.49799999999973,0.418874120795916
4.49999999999973,5.74130653166025e-11
4.50199999999973,-0.418874120681094
4.50399999999973,-0.837718843391611
4.50599999999973,-1.2565047721094
4.50799999999973,-1.67520251499609
4.50999999999973,-2.09378268640249
4.51199999999973,-2.5122159089308
4.51399999999972,-2.93047281549715
4.51599999999972,-3.34852405139157
4.51799999999972,-3.76634027633898
4.51999999999972,-4.18389216655813
4.52199999999972,-4.60115041681973
4.52399999999972,-5.01808574250313
4.52599999999972,-5.43466888165167
4.52799999999972,-5.85087059702632
4.52999999999972,-6.26666167815751
4.53199999999972,-6.68201294339595
4.53399999999972,-7.0968952419596
4.53599999999972,-7.51127945598028
4.53799999999972,-7.92513650254711
4.53999999999972,-8.33843733574764
4.54199999999972,-8.75115294870639
4.54399999999972,-9.16325437562064
4.54599999999972,-9.57471269379319
4.54799999999972,-9.98549902566296
4.54999999999972,-10.3955845408306
4.55199999999972,-10.8049404580829
4.55399999999972,-11.2135380474119
4.55599999999972,-11.6213486320321
4.55799999999972,-12.0283435903926
4.55999999999972,-12.4344943581859
4.56199999999972,-12.8397724303526
4.56399999999972,-13.2441493630822
4.56599999999972,-13.6475967758095
4.56799999999972,-14.0500863532059
4.56999999999972,-14.4515898471671
4.57199999999972,-14.8520790787953
4.57399999999972,-15.2515259403776
4.57599999999972,-15.6499023973578
4.57799999999972,-16.0471804903045
4.57999999999972,-16.4433323368733
4.58199999999972,-16.8383301337635
4.58399999999972,-17.2321461586701
4.58599999999972,-17.6247527722283
4.58799999999972,-18.0161224199543
4.58999999999972,-18.4062276341786
4.59199999999972,-18.7950410359742
4.59399999999972,-19.1825353370778
4.59599999999972,-19.5686833418053
4.59799999999972,-19.9534579489601
4.59999999999972,-20.3368321537354
4.60199999999972,-20.7187790496098
4.60399999999971,-21.0992718302349
4.60599999999971,-21.4782837913174
4.60799999999971,-21.8557883324928
4.60999999999971,-22.2317589591927
4.61199999999971,-22.6061692845041
4.61399999999971,-22.9789930310211
4.61599999999971,-23.3502040326897
4.61799999999971,-23.7197762366435
4.61999999999971,-24.087683705033
4.62199999999971,-24.4539006168453
4.62399999999971,-24.8184012697165
4.62599999999971,-25.1811600817359
4.62799999999971,-25.5421515932411
4.62999999999971,-25.9013504686049
4.63199999999971,-26.2587314980134
4.63399999999971,-26.6142695992356
4.63599999999971,-26.9679398193831
4.63799999999971,-27.3197173366627
4.63999999999971,-27.6695774621167
4.64199999999971,-28.017495641357
4.64399999999971,-28.3634474562878
4.64599999999971,-28.7074086268198
4.64799999999971,-29.0493550125735
4.64999999999971,-29.3892626145745
4.65199999999971,-29.7271075769366
4.65399999999971,-30.0628661885376
4.65599999999971,-30.3965148846818
4.65799999999971,-30.728030248755
4.65999999999971,-31.0573890138676
4.66199999999971,-31.3845680644874
4.66399999999971,-31.7095444380622
4.66599999999971,-32.0322953266311
4.66799999999971,-32.3527980784256
4.66999999999971,-32.6710301994588
4.67199999999971,-32.9869693551051
4.67399999999971,-33.3005933716667
4.67599999999971,-33.6118802379303
4.67799999999971,-33.9208081067117
4.67999999999971,-34.2273552963896
4.68199999999971,-34.5315002924266
4.68399999999971,-34.8332217488799
4.68599999999971,-35.1324984898986
4.68799999999971,-35.4293095112107
4.68999999999971,-35.7236339815969
4.69199999999971,-36.0154512443524
4.69399999999971,-36.304740818737
4.6959999999997,-36.5914824014124
4.6979999999997,-36.8756558678669
4.6999999999997,-37.1572412738282
4.7019999999997,-37.4362188566632
4.7039999999997,-37.7125690367645
4.7059999999997,-37.9862724189248
4.7079999999997,-38.2573097936986
4.7099999999997,-38.5256621387498
4.7119999999997,-38.7913106201866
4.7139999999997,-39.0542365938842
4.7159999999997,-39.3144216067924
4.7179999999997,-39.5718473982311
4.7199999999997,-39.8264959011721
4.7219999999997,-40.0783492435065
4.7239999999997,-40.3273897492996
4.7259999999997,-40.5735999400314
4.7279999999997,-40.816962535823
4.7299999999997,-41.0574604566494
4.7319999999997,-41.2950768235386
4.7339999999997,-41.5297949597557
4.7359999999997,-41.7615983919738
4.7379999999997,-41.99047085143
4.7399999999997,-42.2163962750671
4.7419999999997,-42.4393588066607
4.7439999999997,-42.6593427979331
4.7459999999997,-42.8763328096501
4.7479999999997,-43.0903136127057
4.7499999999997,-43.3012701891904
4.7519999999997,-43.5091877334451
4.7539999999997,-43.714051653101
4.7559999999997,-43.9158475701027
4.7579999999997,-44.1145613217178
4.7599999999997,-44.3101789615313
4.7619999999997,-44.5026867604237
4.7639999999997,-44.6920712075347
4.7659999999997,-44.8783190112119
4.7679999999997,-45.061417099943
4.7699999999997,-45.2413526232739
4.7719999999997,-45.4181129527099
4.7739999999997,-45.5916856826027
4.7759999999997,-45.7620586310202
4.7779999999997,-45.9292198406025
4.7799999999997,-46.0931575794003
4.7819999999997,-46.2538603416986
4.7839999999997,-46.4113168488244
4.78599999999969,-46.5655160499377
4.78799999999969,-46.7164471228078
4.78999999999969,-46.8640994745722
4.79199999999969,-47.0084627424807
4.79399999999969,-47.1495267946218
4.79599999999969,-47.287281730635
4.79799999999969,-47.4217178824043
4.79999999999969,-47.5528258147378
4.80199999999969,-47.6805963260294
4.80399999999969,-47.8050204489047
4.80599999999969,-47.9260894508504
4.80799999999969,-48.0437948348271
4.80999999999969,-48.1581283398656
4.81199999999969,-48.2690819416468
4.81399999999969,-48.3766478530651
4.81599999999969,-48.4808185247745
4.81799999999969,-48.5815866457184
4.81999999999969,-48.6789451436432
4.82199999999969,-48.7728871855944
4.82399999999969,-48.8634061783959
4.82599999999969,-48.9504957691133
4.82799999999969,-49.0341498454991
4.82999999999969,-49.1143625364222
4.83199999999969,-49.19112821228
4.83399999999969,-49.2644414853928
4.83599999999969,-49.3342972103828
4.83799999999969,-49.4006904845347
4.83999999999969,-49.4636166481399
4.84199999999969,-49.5230712848236
4.84399999999969,-49.5790502218546
4.84599999999969,-49.6315495304385
4.84799999999969,-49.680565525993
4.84999999999969,-49.7260947684068
4.85199999999969,-49.7681340622809
4.85399999999969,-49.8066804571529
4.85599999999969,-49.841731247704
4.85799999999969,-49.8732839739492
4.85999999999969,-49.9013364214095
4.86199999999969,-49.9258866212674
4.86399999999969,-49.9469328505055
4.86599999999969,-49.964473632027
4.86799999999969,-49.9785077347593
4.86999999999969,-49.9890341737409
4.87199999999969,-49.99605221019
4.87399999999969,-49.9995613515566
4.87599999999969,-49.9995613515572
4.87799999999968,-49.9960522101916
4.87999999999968,-49.9890341737437
4.88199999999968,-49.9785077347632
4.88399999999968,-49.964473632032
4.88599999999968,-49.9469328505116
4.88799999999968,-49.9258866212746
4.88999999999968,-49.9013364214177
4.89199999999968,-49.8732839739586
4.89399999999968,-49.8417312477145
4.89599999999968,-49.8066804571645
4.89799999999968,-49.7681340622936
4.89999999999968,-49.7260947684206
4.90199999999968,-49.680565526008
4.90399999999968,-49.6315495304545
4.90599999999968,-49.5790502218717
4.90799999999968,-49.5230712848418
4.90999999999968,-49.4636166481592
4.91199999999968,-49.4006904845551
4.91399999999968,-49.3342972104043
4.91599999999968,-49.2644414854154
4.91799999999968,-49.1911282123037
4.91999999999968,-49.114362536447
4.92199999999968,-49.0341498455249
4.92399999999968,-48.9504957691402
4.92599999999968,-48.8634061784239
4.92799999999968,-48.7728871856235
4.92999999999968,-48.6789451436734
4.93199999999968,-48.5815866457496
4.93399999999968,-48.4808185248068
4.93599999999968,-48.3766478530986
4.93799999999968,-48.2690819416813
4.93999999999968,-48.1581283399011
4.94199999999968,-48.0437948348637
4.94399999999968,-47.9260894508881
4.94599999999968,-47.8050204489434
4.94799999999968,-47.6805963260692
4.94999999999968,-47.5528258147786
4.95199999999968,-47.4217178824461
4.95399999999968,-47.2872817306779
4.95599999999968,-47.1495267946658
4.95799999999968,-47.0084627425257
4.95999999999968,-46.8640994746183
4.96199999999968,-46.7164471228549
4.96399999999968,-46.5655160499858
4.96599999999968,-46.4113168488735
4.96799999999967,-46.2538603417488
4.96999999999967,-46.0931575794515
4.97199999999967,-45.9292198406547
4.97399999999967,-45.7620586310734
4.97599999999967,-45.5916856826569
4.97799999999967,-45.4181129527652
4.97999999999967,-45.2413526233301
4.98199999999967,-45.0614171000002
4.98399999999967,-44.8783190112701
4.98599999999967,-44.6920712075939
4.98799999999967,-44.502686760484
4.98999999999967,-44.3101789615926
4.99199999999967,-44.1145613217801
4.99399999999967,-43.9158475701658
4.99599999999967,-43.7140516531651
4.99799999999967,-43.5091877335102
4.99999999999967,-43.3012701892564
5.00199999999967,-43.0903136127727
